4.52124, 
2.68878, 
2.31732, 
2.11041, 
1.97707, 
1.88732, 
1.82621, 
1.78526, 
1.7592, 
1.74452, 
1.73872, 
1.73995, 
1.7468, 
1.75815, 
1.77309, 
1.79083, 
1.81074, 
1.83229, 
1.85507, 
1.87877, 
1.90317, 
1.92813, 
1.95353, 
1.97933, 
2.0055, 
2.03202, 
2.05889, 
2.08601, 
2.11322, 
2.14027, 
2.16686, 
2.1926, 
2.21714, 
2.24013, 
2.26125, 
2.2803, 
2.29713, 
2.31165, 
2.32388, 
2.33389, 
2.34181, 
2.34778, 
2.35201, 
2.3547, 
2.35606, 
2.35631, 
2.35563, 
2.35423, 
2.35225, 
2.34985, 
2.34715, 
2.34425, 
2.34123, 
2.33817, 
2.33511, 
2.33209, 
2.32913, 
2.32625, 
2.32346, 
2.32077, 
2.31817, 
2.31566, 
2.31323, 
2.31088, 
2.3086, 
2.30639, 
2.30424, 
2.30214, 
2.30009, 
2.29808, 
2.29611, 
2.29418, 
2.29228, 
2.29041, 
2.28858, 
2.28677, 
2.28499, 
2.28324, 
2.28152, 
2.27983, 
2.27817, 
2.27653, 
2.27492, 
2.27335, 
2.2718, 
2.27029, 
2.2688, 
2.26735, 
2.26592, 
2.26453, 
2.26317, 
2.26185, 
2.26055, 
2.25929, 
2.25805, 
2.25685, 
2.25568, 
2.25454, 
2.25343, 
2.25235, 
2.25131, 
2.25029, 
2.24929, 
2.24833, 
2.2474, 
2.24649, 
2.24561, 
2.24476, 
2.24393, 
2.24313, 
2.24236, 
2.24161, 
2.24089, 
2.2402, 
2.23953, 
2.23889, 
2.23827, 
2.23768, 
2.23712, 
2.23658, 
2.23607, 
2.23559, 
2.23513, 
2.2347, 
2.23429, 
2.23391, 
2.23356, 
2.23324, 
2.23294, 
2.23267, 
2.23242, 
2.2322, 
2.23201, 
2.23184, 
2.23169, 
2.23157, 
2.23147, 
2.23139, 
2.23133, 
2.23129, 
2.23126, 
2.23126, 
2.23127, 
2.23129, 
2.23133, 
2.23137, 
2.23142, 
2.23148, 
2.23155, 
2.23162, 
2.23168, 
2.23175, 
2.23182, 
2.23188, 
2.23194, 
2.232, 
2.23204, 
2.23208, 
2.23211, 
2.23214, 
2.23215, 
2.23215, 
2.23214, 
2.23213, 
2.2321, 
2.23207, 
2.23204, 
2.232, 
2.23195, 
2.2319, 
2.23186, 
2.23182, 
2.23178, 
2.23175, 
2.23173, 
2.23172, 
2.23172, 
2.23175, 
2.23179, 
2.23185, 
2.23194, 
2.23206, 
2.2322, 
2.23237, 
2.23258, 
2.23281, 
2.23308, 
2.23338, 
2.23371, 
2.23408, 
2.23448, 
2.23491, 
2.23536, 
2.23585, 
2.23636, 
2.23689, 
2.23745, 
2.23801, 
2.2386, 
2.23919, 
2.23979, 
2.24039, 
2.24099, 
2.24158, 
2.24216, 
2.24273, 
2.24329, 
2.24382, 
2.24433, 
2.24481, 
2.24527, 
2.24569, 
2.24608, 
2.24644, 
2.24676, 
2.24705, 
2.24731, 
2.24754, 
2.24773, 
2.2479, 
2.24804, 
2.24816, 
2.24827, 
2.24836, 
2.24845, 
2.24854, 
2.24863, 
2.24874, 
2.24886, 
2.24901, 
2.2492, 
2.24942, 
2.24969, 
2.25001, 
2.25039, 
2.25083, 
2.25134, 
2.25192, 
2.25258, 
2.25332, 
2.25414, 
2.25504, 
2.25602, 
2.25708, 
2.25821, 
2.25942, 
2.2607, 
2.26205, 
2.26345, 
2.2649, 
2.2664, 
2.26793, 
2.26948, 
2.27106, 
2.27263, 
2.2742, 
2.27576, 
2.27729, 
2.27878, 
2.28023, 
2.28162, 
2.28294, 
2.2842, 
2.28537, 
2.28646, 
2.28745, 
2.28835, 
2.28915, 
2.28986, 
2.29046, 
2.29097, 
2.29138, 
2.29171, 
2.29196, 
2.29213, 
2.29225, 
2.29232, 
2.29235, 
2.29236, 
2.29236, 
2.29238, 
2.29242, 
2.29251, 
2.29266, 
2.29289, 
2.29322, 
2.29365, 
2.29422, 
2.29492, 
2.29578, 
2.2968, 
2.29799, 
2.29936, 
2.3009, 
2.30262, 
2.30452, 
2.3066, 
2.30884, 
2.31124, 
2.31378, 
2.31646, 
2.31925, 
2.32213, 
2.32509, 
2.3281, 
2.33115, 
2.3342, 
2.33724, 
2.34023, 
2.34316, 
2.346, 
2.34872, 
2.35131, 
2.35374, 
2.356, 
2.35806, 
2.35992, 
2.36156, 
2.36297, 
2.36416, 
2.36513, 
2.36587, 
2.36641, 
2.36675, 
2.36692, 
2.36695, 
2.36686, 
2.36669, 
2.36647, 
2.36626, 
2.3661, 
2.36603, 
2.3661, 
2.36636, 
2.36687, 
2.36767, 
2.36879, 
2.37029, 
2.3722, 
2.37456, 
2.37737, 
2.38067, 
2.38446, 
2.38874, 
2.39351, 
2.39876, 
2.40445, 
2.41056, 
2.41703, 
2.42384, 
2.43091, 
2.43817, 
2.44557, 
2.45302, 
2.46044, 
2.46775, 
2.47487, 
2.4817, 
2.48816, 
2.49419, 
2.4997, 
2.50464, 
2.50895, 
2.51261, 
2.51557, 
2.51785, 
2.51944, 
2.52039, 
2.52073, 
2.52053, 
2.51987, 
2.51886, 
2.5176, 
2.51622, 
2.51484, 
2.51361, 
2.51266, 
2.51213, 
2.51215, 
2.51285, 
2.51434, 
2.5167, 
2.52002, 
2.52435, 
2.52972, 
2.53612, 
2.54354, 
2.5519, 
2.56114, 
2.57113, 
2.58173, 
2.59277, 
2.60408, 
2.61544, 
2.62665, 
2.63749, 
2.64774, 
2.65722, 
2.66572, 
2.6731, 
2.67921, 
2.68395, 
2.68726, 
2.68911, 
2.68952, 
2.68854, 
2.68626, 
2.68282, 
2.67839, 
2.67314, 
2.66732, 
2.66115, 
2.65489, 
2.64879, 
2.64311, 
2.6381, 
2.63398, 
2.63095, 
2.6292, 
2.62884, 
2.62999, 
2.63269, 
2.63693, 
2.64266, 
2.64979, 
2.65816, 
2.66759, 
2.67785, 
2.68869, 
2.69982, 
2.71097, 
2.72186, 
2.7322, 
2.74176, 
2.7503, 
2.75763, 
2.76362, 
2.76814, 
2.77114, 
2.7726, 
2.77253, 
2.77099, 
2.76808, 
2.76394, 
2.7587, 
2.75256, 
2.74571, 
2.73837, 
2.73075, 
2.72308, 
2.71558, 
2.70848, 
2.70199, 
2.69628, 
2.69154, 
2.6879, 
2.68549, 
2.68438, 
2.68461, 
2.68621, 
2.68912, 
2.6933, 
2.69861, 
2.70493, 
2.71208, 
2.71985, 
2.72802, 
2.73636, 
2.74461, 
2.75256, 
2.75996, 
2.76661, 
2.77233, 
2.77695, 
2.78036, 
2.78247, 
2.78323, 
2.78264, 
2.78072, 
2.77753, 
2.77317, 
2.76777, 
2.76146, 
2.75444, 
2.74688, 
2.739, 
2.73099, 
2.72309, 
2.71549, 
2.70841, 
2.70204, 
2.69655, 
2.6921, 
2.68881, 
2.68679, 
2.6861, 
2.68677, 
2.68879, 
2.69212, 
2.69668, 
2.70236, 
2.70899, 
2.71641, 
2.72442, 
2.73279, 
2.7413, 
2.74972, 
2.75781, 
2.76538, 
2.77223, 
2.77818, 
2.7831, 
2.78689, 
2.78947, 
2.79081, 
2.79091, 
2.7898, 
2.78754, 
2.78423, 
2.77999, 
2.77495, 
2.76927, 
2.76313, 
2.75669, 
2.75014, 
2.74368, 
2.73747, 
2.73171, 
2.72654, 
2.72213, 
2.71859, 
2.71605, 
2.71457, 
2.71423, 
2.71504, 
2.71701, 
2.72009, 
2.72423, 
2.72933, 
2.73526, 
2.74187, 
2.74899, 
2.75642, 
2.76396, 
2.77141, 
2.77856, 
2.78521, 
2.79117, 
2.79629, 
2.80043, 
2.80347, 
2.80534, 
2.80601, 
2.80546, 
2.80371, 
2.80084, 
2.79693, 
2.79209, 
2.78648, 
2.78025, 
2.77359, 
2.7667, 
2.75976, 
2.75298, 
2.74657, 
2.74071, 
2.73558, 
2.73134, 
2.72812, 
2.72604, 
2.72519, 
2.7256, 
2.7273, 
2.73027, 
2.73445, 
2.73974, 
2.74604, 
2.75317, 
2.76097, 
2.76922, 
2.77772, 
2.78624, 
2.79456, 
2.80246, 
2.80974, 
2.81622, 
2.82175, 
2.82621, 
2.82951, 
2.83159, 
2.83244, 
2.83208, 
2.83056, 
2.82796, 
2.82439, 
2.81998, 
2.8149, 
2.80931, 
2.80339, 
2.79733, 
2.79132, 
2.78554, 
2.78018, 
2.7754, 
2.77135, 
2.76817, 
2.76597, 
2.76482, 
2.76478, 
2.76589, 
2.76812, 
2.77143, 
2.77577, 
2.78101, 
2.78703, 
2.79367, 
2.80076, 
2.80808, 
2.81545, 
2.82265, 
2.82947, 
2.83573, 
2.84124, 
2.84585, 
2.84944, 
2.8519, 
2.85319, 
2.85327, 
2.85215, 
2.84989, 
2.84656, 
2.84228, 
2.83717, 
2.83141, 
2.82516, 
2.81863, 
2.81201, 
2.8055, 
2.79931, 
2.79364, 
2.78865, 
2.78452, 
2.78138, 
2.77934, 
2.7785, 
2.77889, 
2.78053, 
2.78341, 
2.78746, 
2.79258, 
2.79867, 
2.80555, 
2.81306, 
2.82098, 
2.82911, 
2.83722, 
2.84509, 
2.85252, 
2.85931, 
2.86529, 
2.87031, 
2.87426, 
2.87707, 
2.87868, 
2.87911, 
2.87837, 
2.87652, 
2.87368, 
2.86995, 
2.86547, 
2.86042, 
2.85497, 
2.84929, 
2.84358, 
2.83803, 
2.83281, 
2.8281, 
2.82404, 
2.82079, 
2.81843, 
2.81708, 
2.81677, 
2.81755, 
2.81941, 
2.82231, 
2.82618, 
2.83094, 
2.83645, 
2.84255, 
2.84909, 
2.85587, 
2.86269, 
2.86936, 
2.87566, 
2.88143, 
2.88648, 
2.89067, 
2.89388, 
2.89602, 
2.89703, 
2.89691, 
2.89565, 
2.89332, 
2.89, 
2.8858, 
2.88086, 
2.87534, 
2.86943, 
2.86331, 
2.85717, 
2.85123, 
2.84565, 
2.84064, 
2.83635, 
2.83293, 
2.83049, 
2.82915, 
2.82895, 
2.82992, 
2.83206, 
2.83533, 
2.83966, 
2.84493, 
2.85101, 
2.85773, 
2.86492, 
2.87237, 
2.87988, 
2.88723, 
2.89423, 
2.90067, 
2.9064, 
2.91126, 
2.91514, 
2.91795, 
2.91965, 
2.92023, 
2.9197, 
2.91812, 
2.91559, 
2.9122, 
2.90811, 
2.90346, 
2.89843, 
2.89319, 
2.88792, 
2.88281, 
2.87802, 
2.87372, 
2.87005, 
2.86714, 
2.86509, 
2.86398, 
2.86385, 
2.86473, 
2.86661, 
2.86944, 
2.87315, 
2.87765, 
2.88279, 
2.88844, 
2.89442, 
2.90056, 
2.90667, 
2.91256, 
2.91804, 
2.92295, 
2.92714, 
2.93047, 
2.93286, 
2.93422, 
2.93452, 
2.93377, 
2.93199, 
2.92927, 
2.92568, 
2.92136, 
2.91646, 
2.91113, 
2.90556, 
2.89994, 
2.89444, 
2.88927, 
2.88458, 
2.88054, 
2.87729, 
2.87495, 
2.87361, 
2.87334, 
2.87415, 
2.87606, 
2.87901, 
2.88295, 
2.88778, 
2.89336, 
2.89954, 
2.90616, 
2.91301, 
2.91992, 
2.92668, 
2.9331, 
2.939, 
2.94423, 
2.94864, 
2.95212, 
2.95461, 
2.95606, 
2.95646, 
2.95583, 
2.95424, 
2.95176, 
2.94853, 
2.94466, 
2.94031, 
2.93564, 
2.93083, 
2.92604, 
2.92145, 
2.9172, 
2.91346, 
2.91034, 
2.90796, 
2.90639, 
2.9057, 
2.90591, 
2.90702, 
2.90901, 
2.91182, 
2.91537, 
2.91955, 
2.92422, 
2.92923, 
2.93444, 
2.93965, 
2.9447, 
2.94941, 
2.95363, 
2.9572, 
2.96001, 
2.96194, 
2.96294, 
2.96295, 
2.96197, 
2.96004, 
2.9572, 
2.95354, 
2.94918, 
2.94426, 
2.93892, 
2.93334, 
2.9277, 
2.92216, 
2.91691, 
2.91211, 
2.9079, 
2.90442, 
2.90178, 
2.90007, 
2.89933, 
2.89959, 
2.90085, 
2.90307, 
2.90617, 
2.91007, 
2.91464, 
2.91974, 
2.9252, 
2.93086, 
2.93652, 
2.94202, 
2.94718, 
2.95184, 
2.95585, 
2.95909, 
2.96147, 
2.96292, 
2.96343, 
2.96298, 
2.96161, 
2.95939, 
2.9564, 
2.95276, 
2.94861, 
2.94409, 
2.93936, 
2.93459, 
2.92993, 
2.92554, 
2.92157, 
2.91816, 
2.9154, 
2.9134, 
2.91223, 
2.91192, 
2.9125, 
2.91394, 
2.91621, 
2.91924, 
2.92293, 
2.92717, 
2.93183, 
2.93676, 
2.94178, 
2.94675, 
2.95149, 
2.95584, 
2.95966, 
2.96281, 
2.96518, 
2.9667, 
2.96732, 
2.967, 
2.96576, 
2.96365, 
2.96073, 
2.9571, 
2.95289, 
2.94824, 
2.94329, 
2.93823, 
2.93321, 
2.9284, 
2.92396, 
2.92004, 
2.91678, 
2.91427, 
2.91261, 
2.91186, 
2.91205, 
2.91318, 
2.91523, 
2.91813, 
2.9218, 
2.92614, 
2.931, 
2.93625, 
2.94171, 
2.94721, 
2.95259, 
2.95768, 
2.96231, 
2.96635, 
2.96968, 
2.9722, 
2.97384, 
2.97458, 
2.97439, 
2.97331, 
2.97139, 
2.96872, 
2.9654, 
2.96156, 
2.95733, 
2.95287, 
2.94833, 
2.94387, 
2.93964, 
2.93578, 
2.93242, 
2.92966, 
2.9276, 
2.9263, 
2.92581, 
2.92613, 
2.92726, 
2.92915, 
2.93174, 
2.93495, 
2.93866, 
2.94275, 
2.94707, 
2.95148, 
2.95581, 
2.95992, 
2.96366, 
2.96689, 
2.96949, 
2.97136, 
2.97243, 
2.97266, 
2.97202, 
2.97054, 
2.96826, 
2.96524, 
2.96159, 
2.95743, 
2.95288, 
2.94811, 
2.94326, 
2.9385, 
2.93398, 
2.92985, 
2.92625, 
2.9233, 
2.9211, 
2.91972, 
2.91922, 
2.91962, 
2.92091, 
2.92307, 
2.92602, 
2.92969, 
2.93396, 
2.9387, 
2.94377, 
2.94901, 
2.95426, 
2.95935, 
2.96413, 
2.96846, 
2.97219, 
2.97523, 
2.97748, 
2.97889, 
2.97943, 
2.97911, 
2.97795, 
2.97602, 
2.97339, 
2.97018, 
2.96651, 
2.9625, 
2.95832, 
2.9541, 
2.95, 
2.94615, 
2.94269, 
2.93974, 
2.93738, 
2.93571, 
2.93477, 
2.9346, 
2.9352, 
2.93655, 
2.9386, 
2.94129, 
2.94452, 
2.94819, 
2.95217, 
2.95631, 
2.96048, 
2.96452, 
2.96829, 
2.97165, 
2.97448, 
2.97666, 
2.97812, 
2.97878, 
2.97863, 
2.97766, 
2.97588, 
2.97336, 
2.97018, 
2.96643, 
2.96224, 
2.95775, 
2.9531, 
2.94844, 
2.94394, 
2.93974, 
2.93598, 
2.93279, 
2.93026, 
2.9285, 
2.92756, 
2.92748, 
2.92827, 
2.92991, 
2.93234, 
2.93551, 
2.93932, 
2.94364, 
2.94836, 
2.9533, 
2.95834, 
2.96329, 
2.96802, 
2.97237, 
2.9762, 
2.97941, 
2.9819, 
2.98359, 
2.98445, 
2.98447, 
2.98367, 
2.98208, 
2.97979, 
2.97688, 
2.97348, 
2.9697, 
2.96568, 
2.96158, 
2.95753, 
2.95368, 
2.95015, 
2.94707, 
2.94454, 
2.94265, 
2.94145, 
2.94099, 
2.94128, 
2.94231, 
2.94403, 
2.94641, 
2.94934, 
2.95273, 
2.95646, 
2.9604, 
2.9644, 
2.96833, 
2.97204, 
2.97539, 
2.97826, 
2.98053, 
2.98212, 
2.98296, 
2.98301, 
2.98225, 
2.98071, 
2.97843, 
2.97548, 
2.97196, 
2.96797, 
2.96366, 
2.95915, 
2.95461, 
2.95019, 
2.94602, 
2.94226, 
2.93902, 
2.93642, 
2.93454, 
2.93346, 
2.93321, 
2.93381, 
2.93524, 
2.93747, 
2.94042, 
2.94401, 
2.94813, 
2.95264, 
2.95741, 
2.96229, 
2.96712, 
2.97175, 
2.97602, 
2.97981, 
2.98301, 
2.9855, 
2.98724, 
2.98816, 
2.98825, 
2.98754, 
2.98605, 
2.98386, 
2.98106, 
2.97775, 
2.97407, 
2.97014, 
2.9661, 
2.96211, 
2.9583, 
2.9548, 
2.95173, 
2.94919, 
2.94728, 
2.94604, 
2.94552, 
2.94574, 
2.94669, 
2.94833, 
2.9506, 
2.95343, 
2.95671, 
2.96032, 
2.96415, 
2.96804, 
2.97187, 
2.97548, 
2.97875, 
2.98154, 
2.98375, 
2.98529, 
2.9861, 
2.98613, 
2.98538, 
2.98386, 
2.98161, 
2.9787, 
2.97523, 
2.97131, 
2.96708, 
2.96266, 
2.95821, 
2.95387, 
2.9498, 
2.94613, 
2.94298, 
2.94045, 
2.93865, 
2.93763, 
2.93743, 
2.93805, 
2.9395, 
2.94172, 
2.94464, 
2.94819, 
2.95224, 
2.95668, 
2.96135, 
2.96611, 
2.97081, 
2.9753, 
2.97943, 
2.98307, 
2.98612, 
2.98847, 
2.99007, 
2.99086, 
2.99085, 
2.99004, 
2.98847, 
2.98623, 
2.98339, 
2.98007, 
2.9764, 
2.9725, 
2.96852, 
2.96461, 
2.96088, 
2.95749, 
2.95453, 
2.95211, 
2.95032, 
2.9492, 
2.9488, 
2.94912, 
2.95015, 
2.95185, 
2.95417, 
2.95702, 
2.96029, 
2.96388, 
2.96764, 
2.97146, 
2.97517, 
2.97865, 
2.98176, 
2.98439, 
2.98643, 
2.98779, 
2.98842, 
2.98829, 
2.98738, 
2.98572, 
2.98336, 
2.98037, 
2.97685, 
2.97291, 
2.96869, 
2.96432, 
2.95995, 
2.95573, 
2.95179, 
2.94829, 
2.94532, 
2.94299, 
2.94139, 
2.94057, 
2.94056, 
2.94137, 
2.94297, 
2.94532, 
2.94835, 
2.95196, 
2.95604, 
2.96046, 
2.96507, 
2.96974, 
2.9743, 
2.97862, 
2.98255, 
2.98597, 
2.98877, 
2.99087, 
2.99221, 
2.99276, 
2.99251, 
2.99148, 
2.98973, 
2.98733, 
2.98438, 
2.98099, 
2.97728, 
2.9734, 
2.96948, 
2.96565, 
2.96207, 
2.95883, 
2.95607, 
2.95387, 
2.95229, 
2.95141, 
2.95123, 
2.95176, 
2.95299, 
2.95487, 
2.95732, 
2.96026, 
2.96359, 
2.96719, 
2.97091, 
2.97464, 
2.97822, 
2.98153, 
2.98444, 
2.98683, 
2.98861, 
2.9897, 
2.99005, 
2.98965, 
2.98848, 
2.98659, 
2.98403, 
2.98088, 
2.97725, 
2.97324, 
2.969, 
2.96468, 
2.9604, 
2.95632, 
2.95258, 
2.9493, 
2.94659, 
2.94455, 
2.94324, 
2.94273, 
2.94301, 
2.9441, 
2.94596, 
2.94853, 
2.95174, 
2.95548, 
2.95963, 
2.96407, 
2.96864, 
2.97321, 
2.97762, 
2.98173, 
2.98541, 
2.98854, 
2.99102, 
2.99279, 
2.99379, 
2.99401, 
2.99344, 
2.99212, 
2.99012, 
2.98751, 
2.9844, 
2.9809, 
2.97715, 
2.97328, 
2.96943, 
2.96573, 
2.96232, 
2.95931, 
2.9568, 
2.95488, 
2.95361, 
2.95303, 
2.95315, 
2.95398, 
2.95547, 
2.95757, 
2.96021, 
2.96329, 
2.96669, 
2.97031, 
2.97399, 
2.97762, 
2.98104, 
2.98414, 
2.98679, 
2.98888, 
2.99033, 
2.99108, 
2.99109, 
2.99034, 
2.98885, 
2.98667, 
2.98386, 
2.98051, 
2.97673, 
2.97265, 
2.9684, 
2.96413, 
2.95997, 
2.95607, 
2.95257, 
2.94958, 
2.94719, 
2.94551, 
2.94457, 
2.94443, 
2.94508, 
2.94651, 
2.94869, 
2.95153, 
2.95496, 
2.95885, 
2.9631, 
2.96756, 
2.97208, 
2.97653, 
2.98075, 
2.98461, 
2.98799, 
2.99078, 
2.99289, 
2.99427, 
2.99487, 
2.99469, 
2.99375, 
2.9921, 
2.98981, 
2.98697, 
2.98368, 
2.98008, 
2.97629, 
2.97245, 
2.9687, 
2.96517, 
2.96198, 
2.95925, 
2.95705, 
2.95547, 
2.95455, 
2.95433, 
2.9548, 
2.95596, 
2.95775, 
2.96011, 
2.96295, 
2.96617, 
2.96966, 
2.97328, 
2.97691, 
2.9804, 
2.98363, 
2.98647, 
2.9888, 
2.99054, 
2.99162, 
2.99197, 
2.99158, 
2.99044, 
2.9886, 
2.98609, 
2.98301, 
2.97945, 
2.97553, 
2.97138, 
2.96714, 
2.96295, 
2.95895, 
2.95528, 
2.95207, 
2.94941, 
2.94741, 
2.94613, 
2.94563, 
2.94591, 
2.94697, 
2.94879, 
2.95131, 
2.95445, 
2.9581, 
2.96216, 
2.96649, 
2.97096, 
2.97541, 
2.9797, 
2.98369, 
2.98726, 
2.99029, 
2.99268, 
2.99437, 
2.99531, 
2.99547, 
2.99487, 
2.99354, 
2.99153, 
2.98894, 
2.98586, 
2.98241, 
2.97872, 
2.97492, 
2.97115, 
2.96754, 
2.96422, 
2.96129, 
2.95887, 
2.95703, 
2.95584, 
2.95532, 
2.95549, 
2.95635, 
2.95786, 
2.95996, 
2.96259, 
2.96563, 
2.96899, 
2.97253, 
2.97614, 
2.97966, 
2.98298, 
2.98597, 
2.9885, 
2.99048, 
2.99182, 
2.99247, 
2.99238, 
2.99156, 
2.99001, 
2.98779, 
2.98496, 
2.98161, 
2.97785, 
2.9738, 
2.96961, 
2.96541, 
2.96135, 
2.95756, 
2.95417, 
2.9513, 
2.94903, 
2.94747, 
2.94664, 
2.9466, 
2.94734, 
2.94885, 
2.95107, 
2.95394, 
2.95737, 
2.96125, 
2.96545, 
2.96984, 
2.97427, 
2.9786, 
2.9827, 
2.98642, 
2.98964, 
2.99228, 
2.99423, 
2.99546, 
2.99592, 
2.99562, 
2.99457, 
2.99284, 
2.99048, 
2.9876, 
2.9843, 
2.98072, 
2.97697, 
2.9732, 
2.96953, 
2.96611, 
2.96304, 
2.96044, 
2.95838, 
2.95694, 
2.95616, 
2.95607, 
2.95666, 
2.95792, 
2.95978, 
2.9622, 
2.96507, 
2.9683, 
2.97176, 
2.97533, 
2.97887, 
2.98226, 
2.98536, 
2.98805, 
2.99023, 
2.9918, 
2.99271, 
2.9929, 
2.99235, 
2.99107, 
2.9891, 
2.9865, 
2.98335, 
2.97975, 
2.97582, 
2.97169, 
2.96751, 
2.9634, 
2.95952, 
2.95598, 
2.95292, 
2.95044, 
2.94862, 
2.94752, 
2.94719, 
2.94764, 
2.94886, 
2.95081, 
2.95344, 
2.95665, 
2.96036, 
2.96443, 
2.96873, 
2.97314, 
2.97749, 
2.98166, 
2.98551, 
2.9889, 
2.99174, 
2.99393, 
2.99541, 
2.99614, 
2.99611, 
2.99533, 
2.99384, 
2.99171, 
2.98902, 
2.98587, 
2.98239, 
2.97871, 
2.97495, 
2.97125, 
2.96775, 
2.96456, 
2.9618, 
2.95955, 
2.9579, 
2.95689, 
2.95655, 
2.95691, 
2.95793, 
2.95958, 
2.9618, 
2.96451, 
2.9676, 
2.97097, 
2.9745, 
2.97804, 
2.98148, 
2.98467, 
2.9875, 
2.98985, 
2.99163, 
2.99276, 
2.99319, 
2.9929, 
2.99187, 
2.99014, 
2.98776, 
2.9848, 
2.98135, 
2.97754, 
2.97348, 
2.96932, 
2.96519, 
2.96123, 
2.95758, 
2.95436, 
2.95169, 
2.94964, 
2.9483, 
2.94771, 
2.94789, 
2.94885, 
2.95055, 
2.95295, 
2.95596, 
2.95949, 
2.96343, 
2.96765, 
2.97202, 
2.97638, 
2.9806, 
2.98455, 
2.98809, 
2.9911, 
2.99351, 
2.99522, 
2.9962, 
2.99642, 
2.99588, 
2.99463, 
2.9927, 
2.9902, 
2.9872, 
2.98383, 
2.98022, 
2.97648, 
2.97277, 
2.9692, 
2.96592, 
2.96301, 
2.9606, 
2.95875, 
2.95753, 
2.95698, 
2.95711, 
2.95792, 
2.95936, 
2.96139, 
2.96394, 
2.96691, 
2.97019, 
2.97366, 
2.9772, 
2.98067, 
2.98393, 
2.98688, 
2.98938, 
2.99134, 
2.99268, 
2.99333, 
2.99327, 
2.99248, 
2.99097, 
2.9888, 
2.98602, 
2.98273, 
2.97903, 
2.97505, 
2.97092, 
2.96678, 
2.96276, 
2.95902, 
2.95566, 
2.95281, 
2.95057, 
2.949, 
2.94818, 
2.94812, 
2.94883, 
2.95029, 
2.95247, 
2.95528, 
2.95865, 
2.96246, 
2.96659, 
2.97091, 
2.97527, 
2.97954, 
2.98357, 
2.98723, 
2.99041, 
2.993, 
2.99492, 
2.99613, 
2.99658, 
2.99628, 
2.99524, 
2.99353, 
2.9912, 
2.98835, 
2.98509, 
2.98155, 
2.97785, 
2.97413, 
2.97052, 
2.96715, 
2.96412, 
2.96156, 
2.95954, 
2.95813, 
2.95737, 
2.95729, 
2.95789, 
2.95914, 
2.96099, 
2.96338, 
2.96622, 
2.96941, 
2.97283, 
2.97634, 
2.97983, 
2.98316, 
2.9862, 
2.98884, 
2.99097, 
2.99249, 
2.99335, 
2.99351, 
2.99293, 
2.99164, 
2.98967, 
2.98707, 
2.98393, 
2.98035, 
2.97645, 
2.97236, 
2.96822, 
2.96417, 
2.96034, 
2.95686, 
2.95386, 
2.95143, 
2.94966, 
2.94861, 
2.94832, 
2.9488, 
2.95004, 
2.95201, 
2.95463, 
2.95783, 
2.96151, 
2.96555, 
2.96981, 
2.97416, 
2.97846, 
2.98256, 
2.98633, 
2.98966, 
2.99242, 
2.99454, 
2.99596, 
2.99663, 
2.99655, 
2.99573, 
2.99421, 
2.99206, 
2.98936, 
2.98622, 
2.98276, 
2.9791, 
2.97538, 
2.97174, 
2.96829, 
2.96516, 
2.96246, 
2.96028, 
2.95868, 
2.95774, 
2.95746, 
2.95786, 
2.95892, 
2.9606, 
2.96284, 
2.96555, 
2.96864, 
2.97199, 
2.97548, 
2.97898, 
2.98236, 
2.98549, 
2.98825, 
2.99053, 
2.99223, 
2.99328, 
2.99364, 
2.99328, 
2.99219, 
2.99041, 
2.98799, 
2.985, 
2.98154, 
2.97773, 
2.97369, 
2.96956, 
2.96548, 
2.96158, 
2.95799, 
2.95485, 
2.95225, 
2.95029, 
2.94903, 
2.94852, 
2.94878, 
2.94981, 
2.95157, 
2.954, 
2.95704, 
2.96059, 
2.96453, 
2.96873, 
2.97306, 
2.97738, 
2.98154, 
2.98541, 
2.98886, 
2.99179, 
2.9941, 
2.99572, 
2.9966, 
2.99673, 
2.99612, 
2.99479, 
2.99281, 
2.99026, 
2.98724, 
2.98387, 
2.98026, 
2.97655, 
2.97288, 
2.96937, 
2.96614, 
2.96332, 
2.96099, 
2.95923, 
2.9581, 
2.95763, 
2.95784, 
2.95872, 
2.96023, 
2.96231, 
2.96489, 
2.96788, 
2.97117, 
2.97462, 
2.97813, 
2.98155, 
2.98475, 
2.98762, 
2.99003, 
2.9919, 
2.99314, 
2.99369, 
2.99353, 
2.99264, 
2.99105, 
2.9888, 
2.98597, 
2.98264, 
2.97892, 
2.97493, 
2.97082, 
2.96671, 
2.96276, 
2.95908, 
2.95581, 
2.95305, 
2.95091, 
2.94946, 
2.94874, 
2.94878, 
2.9496, 
2.95115, 
2.9534, 
2.95628, 
2.95969, 
2.96353, 
2.96767, 
2.97197, 
2.9763, 
2.98051, 
2.98446, 
2.98804, 
2.99111, 
2.99359, 
2.9954, 
2.99649, 
2.99683, 
2.99641, 
2.99528, 
2.99348, 
2.99108, 
2.98818, 
2.98489, 
2.98134, 
2.97765, 
2.97396, 
2.9704, 
2.96709, 
2.96415, 
2.96168, 
2.95976, 
2.95846, 
2.95781, 
2.95784, 
2.95853, 
2.95987, 
2.9618, 
2.96426, 
2.96714, 
2.97035, 
2.97377, 
2.97726, 
2.98071, 
2.98398, 
2.98695, 
2.98949, 
2.99151, 
2.99292, 
2.99366, 
2.9937, 
2.993, 
2.9916, 
2.98953, 
2.98685, 
2.98364, 
2.98002, 
2.9761, 
2.97201, 
2.9679, 
2.96389, 
2.96013, 
2.95674, 
2.95384, 
2.95153, 
2.94989, 
2.94897, 
2.9488, 
2.94941, 
2.95077, 
2.95284, 
2.95555, 
2.95883, 
2.96256, 
2.96662, 
2.97088, 
2.97521, 
2.97946, 
2.98349, 
2.98718, 
2.99039, 
2.99304, 
2.99503, 
2.99631, 
2.99685, 
2.99664, 
2.99569, 
2.99406, 
2.99182, 
2.98905, 
2.98586, 
2.98237, 
2.97871, 
2.97501, 
2.9714, 
2.96802, 
2.96497, 
2.96237, 
2.9603, 
2.95883, 
2.958, 
2.95785, 
2.95837, 
2.95954, 
2.96132, 
2.96364, 
2.96641, 
2.96954, 
2.97291, 
2.9764, 
2.97987, 
2.9832, 
2.98625, 
2.98891, 
2.99108, 
2.99265, 
2.99358, 
2.9938, 
2.9933, 
2.99208, 
2.99018, 
2.98766, 
2.98459, 
2.98107, 
2.97721, 
2.97316, 
2.96904, 
2.965, 
2.96116, 
2.95767, 
2.95463, 
2.95216, 
2.95033, 
2.94922, 
2.94885, 
2.94926, 
2.95042, 
2.9523, 
2.95485, 
2.95799, 
2.9616, 
2.96559, 
2.96981, 
2.97413, 
2.97841, 
2.98251, 
2.98629, 
2.98964, 
2.99244, 
2.99461, 
2.99608, 
2.99681, 
2.9968, 
2.99604, 
2.99459, 
2.9925, 
2.98986, 
2.98677, 
2.98335, 
2.97972, 
2.97602, 
2.97238, 
2.96893, 
2.96579, 
2.96307, 
2.96085, 
2.95922, 
2.95822, 
2.95789, 
2.95824, 
2.95924, 
2.96086, 
2.96305, 
2.96571, 
2.96875, 
2.97207, 
2.97553, 
2.97902, 
2.98239, 
2.98552, 
2.9883, 
2.9906, 
2.99233, 
2.99343, 
2.99384, 
2.99353, 
2.9925, 
2.99077, 
2.98841, 
2.98547, 
2.98206, 
2.97828, 
2.97427, 
2.97016, 
2.96609, 
2.96218, 
2.95859, 
2.95543, 
2.9528, 
2.9508, 
2.9495, 
2.94893, 
2.94914, 
2.95011, 
2.95181, 
2.95419, 
2.95718, 
2.96067, 
2.96457, 
2.96874, 
2.97305, 
2.97735, 
2.9815, 
2.98538, 
2.98885, 
2.9918, 
2.99413, 
2.99579, 
2.99672, 
2.99689, 
2.99633, 
2.99505, 
2.99312, 
2.99062, 
2.98763, 
2.98429, 
2.98071, 
2.97701, 
2.97335, 
2.96984, 
2.96661, 
2.96377, 
2.96142, 
2.95963, 
2.95846, 
2.95796, 
2.95813, 
2.95897, 
2.96043, 
2.96248, 
2.96502, 
2.96798, 
2.97123, 
2.97467, 
2.97816, 
2.98157, 
2.98478, 
2.98765, 
2.99008, 
2.99197, 
2.99324, 
2.99382, 
2.9937, 
2.99285, 
2.9913, 
2.9891, 
2.9863, 
2.983, 
2.97931, 
2.97535, 
2.97125, 
2.96716, 
2.9632, 
2.95952, 
2.95623, 
2.95346, 
2.95129, 
2.94981, 
2.94905, 
2.94906, 
2.94983, 
2.95135, 
2.95356, 
2.9564, 
2.95977, 
2.96358, 
2.96769, 
2.97197, 
2.97628, 
2.98048, 
2.98444, 
2.98802, 
2.99111, 
2.99362, 
2.99545, 
2.99657, 
2.99694, 
2.99656, 
2.99546, 
2.99369, 
2.99133, 
2.98846, 
2.9852, 
2.98166, 
2.97799, 
2.97431, 
2.97075, 
2.96744, 
2.96449, 
2.962, 
2.96006, 
2.95874, 
2.95806, 
2.95806, 
2.95873, 
2.96004, 
2.96194, 
2.96436, 
2.96722, 
2.97041, 
2.97381, 
2.9773, 
2.98074, 
2.98401, 
2.98697, 
2.98953, 
2.99156, 
2.99299, 
2.99376, 
2.99382, 
2.99315, 
2.99178, 
2.98974, 
2.98708, 
2.9839, 
2.9803, 
2.9764, 
2.97233, 
2.96822, 
2.96422, 
2.96045, 
2.95706, 
2.95415, 
2.95182, 
2.95015, 
2.94921, 
2.94902, 
2.9496, 
2.95092, 
2.95296, 
2.95565, 
2.9589, 
2.9626, 
2.96664, 
2.97089, 
2.97521, 
2.97945, 
2.98348, 
2.98717, 
2.9904, 
2.99305, 
2.99506, 
2.99637, 
2.99693, 
2.99674, 
2.99582, 
2.99422, 
2.99199, 
2.98924, 
2.98607, 
2.9826, 
2.97895, 
2.97526, 
2.97166, 
2.96827, 
2.96522, 
2.96261, 
2.96053, 
2.95904, 
2.9582, 
2.95802, 
2.95852, 
2.95967, 
2.96143, 
2.96373, 
2.96649, 
2.9696, 
2.97295, 
2.97643, 
2.97989, 
2.98322, 
2.98627, 
2.98894, 
2.99111, 
2.9927, 
2.99364, 
2.99388, 
2.9934, 
2.99221, 
2.99033, 
2.98782, 
2.98477, 
2.98126, 
2.97743, 
2.97339, 
2.96927, 
2.96523, 
2.9614, 
2.9579, 
2.95486, 
2.95237, 
2.95053, 
2.9494, 
2.94902, 
2.9494, 
2.95054, 
2.95241, 
2.95494, 
2.95805, 
2.96165, 
2.96562, 
2.96982, 
2.97414, 
2.97841, 
2.98251, 
2.98629, 
2.98964, 
2.99245, 
2.99463, 
2.99612, 
2.99687, 
2.99687, 
2.99613, 
2.99469, 
2.99262, 
2.98999, 
2.98692, 
2.98351, 
2.97989, 
2.9762, 
2.97257, 
2.96912, 
2.96597, 
2.96324, 
2.96102, 
2.95938, 
2.95837, 
2.95802, 
2.95835, 
2.95934, 
2.96095, 
2.96312, 
2.96577, 
2.9688, 
2.97211, 
2.97556, 
2.97904, 
2.98241, 
2.98555, 
2.98832, 
2.99063, 
2.99237, 
2.99348, 
2.9939, 
2.9936, 
2.99258, 
2.99087, 
2.98852, 
2.98559, 
2.98219, 
2.97843, 
2.97443, 
2.97032, 
2.96625, 
2.96235, 
2.95876, 
2.95559, 
2.95296, 
2.95095, 
2.94963, 
2.94906, 
2.94925, 
2.9502, 
2.95189, 
2.95426, 
2.95723, 
2.96072, 
2.9646, 
2.96876, 
2.97306, 
2.97736, 
2.98151, 
2.98538, 
2.98885, 
2.99181, 
2.99415, 
2.99582, 
2.99675, 
2.99694, 
2.99639, 
2.99512, 
2.9932, 
2.99071, 
2.98774, 
2.9844, 
2.98082, 
2.97714, 
2.97348, 
2.96997, 
2.96674, 
2.9639, 
2.96154, 
2.95975, 
2.95857, 
2.95806, 
2.95822, 
2.95905, 
2.96051, 
2.96254, 
2.96508, 
2.96802, 
2.97127, 
2.9747, 
2.97818, 
2.98159, 
2.9848, 
2.98767, 
2.9901, 
2.992, 
2.99327, 
2.99387, 
2.99375, 
2.99291, 
2.99137, 
2.98917, 
2.98638, 
2.98309, 
2.97941, 
2.97546, 
2.97137, 
2.96727, 
2.96332, 
2.95964, 
2.95635, 
2.95358, 
2.9514, 
2.94991, 
2.94915, 
2.94915, 
2.94991, 
2.95141, 
2.95362, 
2.95645, 
2.95981, 
2.96361, 
2.96771, 
2.97199, 
2.9763, 
2.9805, 
2.98445, 
2.98803, 
2.99113, 
2.99363, 
2.99547, 
2.99659, 
2.99697, 
2.9966, 
2.99551, 
2.99375, 
2.99139, 
2.98853, 
2.98527, 
2.98174, 
2.97807, 
2.9744, 
2.97084, 
2.96753, 
2.96458, 
2.96209, 
2.96015, 
2.95882, 
2.95814, 
2.95813, 
2.95879, 
2.9601, 
2.96199, 
2.96441, 
2.96726, 
2.97044, 
2.97384, 
2.97732, 
2.98076, 
2.98403, 
2.987, 
2.98955, 
2.99158, 
2.99302, 
2.99379, 
2.99385, 
2.99319, 
2.99183, 
2.98979, 
2.98714, 
2.98397, 
2.98037, 
2.97647, 
2.9724, 
2.9683, 
2.9643, 
2.96054, 
2.95714, 
2.95423, 
2.9519, 
2.95023, 
2.94928, 
2.94908, 
2.94966, 
2.95098, 
2.95301, 
2.95569, 
2.95893, 
2.96263, 
2.96667, 
2.97092, 
2.97523, 
2.97947, 
2.9835, 
2.98719, 
2.99041, 
2.99307, 
2.99508, 
2.99639, 
2.99695, 
2.99677, 
2.99585, 
2.99425, 
2.99203, 
2.98929, 
2.98612, 
2.98265, 
2.979, 
2.97532, 
2.97172, 
2.96833, 
2.96528, 
2.96267, 
2.96059, 
2.9591, 
2.95825, 
2.95808, 
2.95857, 
2.95972, 
2.96147, 
2.96377, 
2.96652, 
2.96963, 
2.97298, 
2.97646, 
2.97992, 
2.98324, 
2.98629, 
2.98896, 
2.99113, 
2.99272, 
2.99366, 
2.99391, 
2.99343, 
2.99224, 
2.99036, 
2.98786, 
2.98481, 
2.98131, 
2.97747, 
2.97343, 
2.96933, 
2.96529, 
2.96145, 
2.95795, 
2.95491, 
2.95243, 
2.95058, 
2.94945, 
2.94907, 
2.94945, 
2.95059, 
2.95245, 
2.95497, 
2.95808, 
2.96168, 
2.96564, 
2.96985, 
2.97416, 
2.97843, 
2.98252, 
2.98631, 
2.98966, 
2.99247, 
2.99465, 
2.99613, 
2.99688, 
2.99688, 
2.99615, 
2.99471, 
2.99264, 
2.99002, 
2.98695, 
2.98354, 
2.97993, 
2.97624, 
2.9726, 
2.96916, 
2.96601, 
2.96328, 
2.96106, 
2.95942, 
2.95841, 
2.95807, 
2.95839, 
2.95938, 
2.96099, 
2.96316, 
2.9658, 
2.96883, 
2.97214, 
2.97559, 
2.97907, 
2.98244, 
2.98557, 
2.98834, 
2.99065, 
2.99239, 
2.9935, 
2.99392, 
2.99362, 
2.9926, 
2.99089, 
2.98854, 
2.98562, 
2.98222, 
2.97846, 
2.97446, 
2.97035, 
2.96628, 
2.96239, 
2.95879, 
2.95563, 
2.95299, 
2.95099, 
2.94967, 
2.9491, 
2.94929, 
2.95024, 
2.95193, 
2.95429, 
2.95726, 
2.96075, 
2.96463, 
2.96879, 
2.97309, 
2.97738, 
2.98153, 
2.9854, 
2.98887, 
2.99182, 
2.99417, 
2.99583, 
2.99677, 
2.99696, 
2.9964, 
2.99514, 
2.99322, 
2.99072, 
2.98775, 
2.98442, 
2.98084, 
2.97716, 
2.9735, 
2.97, 
2.96677, 
2.96392, 
2.96157, 
2.95977, 
2.9586, 
2.95809, 
2.95825, 
2.95908, 
2.96054, 
2.96257, 
2.96511, 
2.96805, 
2.9713, 
2.97473, 
2.97821, 
2.98162, 
2.98482, 
2.98769, 
2.99012, 
2.99201, 
2.99329, 
2.99388, 
2.99376, 
2.99292, 
2.99138, 
2.98918, 
2.9864, 
2.98311, 
2.97942, 
2.97547, 
2.97138, 
2.96729, 
2.96334, 
2.95966, 
2.95637, 
2.9536, 
2.95143, 
2.94994, 
2.94917, 
2.94917, 
2.94994, 
2.95144, 
2.95365, 
2.95648, 
2.95984, 
2.96364, 
2.96774, 
2.97201, 
2.97632, 
2.98052, 
2.98447, 
2.98805, 
2.99115, 
2.99365, 
2.99549, 
2.99661, 
2.99698, 
2.99661, 
2.99552, 
2.99375, 
2.9914, 
2.98853, 
2.98528, 
2.98175, 
2.97808, 
2.97441, 
2.97085, 
2.96754, 
2.96459, 
2.96211, 
2.96017, 
2.95884, 
2.95816, 
2.95816, 
2.95882, 
2.96012, 
2.96202, 
2.96444, 
2.96729, 
2.97047, 
2.97387, 
2.97735, 
2.98078, 
2.98405, 
2.98702, 
2.98957, 
2.9916, 
2.99303, 
2.9938, 
2.99386, 
2.9932, 
2.99183, 
2.98979, 
2.98714, 
2.98397, 
2.98037, 
2.97648, 
2.97241, 
2.9683, 
2.9643, 
2.96054, 
2.95715, 
2.95424, 
2.95191, 
2.95024, 
2.9493, 
2.94911, 
2.94968, 
2.95101, 
2.95304, 
2.95572, 
2.95896, 
2.96266, 
2.9667, 
2.97094, 
2.97526, 
2.9795, 
2.98352, 
2.98721, 
2.99043, 
2.99309, 
2.9951, 
2.9964, 
2.99696, 
2.99677, 
2.99586, 
2.99425, 
2.99204, 
2.98929, 
2.98612, 
2.98265, 
2.979, 
2.97532, 
2.97172, 
2.96834, 
2.96529, 
2.96268, 
2.9606, 
2.95911, 
2.95827, 
2.9581, 
2.95859, 
2.95974, 
2.9615, 
2.96379, 
2.96655, 
2.96966, 
2.97301, 
2.97648, 
2.97994, 
2.98326, 
2.98631, 
2.98898, 
2.99115, 
2.99274, 
2.99367, 
2.99391, 
2.99343, 
2.99224, 
2.99036, 
2.98786, 
2.9848, 
2.9813, 
2.97747, 
2.97343, 
2.96932, 
2.96528, 
2.96145, 
2.95796, 
2.95491, 
2.95243, 
2.95059, 
2.94946, 
2.94908, 
2.94947, 
2.95061, 
2.95247, 
2.955, 
2.95811, 
2.96171, 
2.96567, 
2.96988, 
2.97419, 
2.97846, 
2.98255, 
2.98633, 
2.98968, 
2.99248, 
2.99466, 
2.99614, 
2.99689, 
2.99689, 
2.99615, 
2.99471, 
2.99264, 
2.99002, 
2.98694, 
2.98353, 
2.97992, 
2.97623, 
2.9726, 
2.96915, 
2.96601, 
2.96328, 
2.96106, 
2.95942, 
2.95842, 
2.95808, 
2.95841, 
2.9594, 
2.96101, 
2.96318, 
2.96583, 
2.96886, 
2.97216, 
2.97562, 
2.97909, 
2.98246, 
2.98559, 
2.98836, 
2.99066, 
2.9924, 
2.99351, 
2.99392, 
2.99362, 
2.9926, 
2.99089, 
2.98853, 
2.98561, 
2.98221, 
2.97845, 
2.97445, 
2.97034, 
2.96628, 
2.96238, 
2.95879, 
2.95562, 
2.95299, 
2.95099, 
2.94968, 
2.94911, 
2.9493, 
2.95026, 
2.95195, 
2.95432, 
2.95729, 
2.96078, 
2.96466, 
2.96882, 
2.97312, 
2.97741, 
2.98156, 
2.98543, 
2.98889, 
2.99184, 
2.99418, 
2.99584, 
2.99678, 
2.99696, 
2.9964, 
2.99513, 
2.99321, 
2.99072, 
2.98774, 
2.98441, 
2.98083, 
2.97715, 
2.97349, 
2.96999, 
2.96676, 
2.96392, 
2.96157, 
2.95978, 
2.95861, 
2.9581, 
2.95827, 
2.9591, 
2.96056, 
2.96259, 
2.96513, 
2.96808, 
2.97132, 
2.97475, 
2.97823, 
2.98164, 
2.98484, 
2.98771, 
2.99014, 
2.99203